original_market,season,snap_accepting_fm,original_lon,original_lat,original_code,original_fmid,original_pmid,original_produce,distance,formatted,lat,lon,name,housenumber,street,postcode,district,suburb,city,county,county_code,state,state_code,country,country_code,attribution,attribution_license,TotalVendors,Produce,Food,Ethnic,Soul,Specialty,Service,Plantsgarden,ArtCraft,Pets,Foodtrucks,others
 Five Points Franklin Market,May-October,,-86.871864,35.924217,1001,1001,,,19.682243,"500 -02 W Main Street, Franklin, TN 37064, United States of America",35.924103,-86.872032,,500,-02 W Main Street,37064,,,Franklin,Williamson County,WL,Tennessee,TN,United States,us,© OpenAddresses contributors,BSD-3-Clause License,,,,,,,,,,,,
12 South Farmers Market,May-October,,-86.790466,36.118309,1002,1002,,,35.20277,"1162 Clayton Avenue, Nashville, TN 37204, United States of America",36.117992,-86.790489,,1162,Clayton Avenue,37204,,,Nashville,Davidson County,,Tennessee,TN,United States,us,© OpenStreetMap contributors,Open Database License,36,10,12,2,,6,,,,4,1,1
817 Dinah Shore Blvd,May-October,,-86.104759,35.192215,1003,1003,,,1.4478467,"817 Dinah Shore Boulevard, Winchester, TN 37398, United States of America",35.192204,-86.104744,,817,Dinah Shore Boulevard,37398,,,Winchester,Franklin County,,Tennessee,TN,United States,us,© OpenStreetMap contributors,Open Database License,,,,,,,,,,,,
Agricenter Farmers Market,Year-round,,-89.801727,35.127182,1004,1004,,,12.212567,"7860 Smythe Farm Road, Memphis, TN 38120, United States of America",35.127293,-89.80175,,7860,Smythe Farm Road,38120,,River Oaks,Memphis,Shelby County,SY,Tennessee,TN,United States,us,© OpenAddresses contributors,BSD-3-Clause License,40,13,10,3,,9,,,4,1,1,
Algood Farmers Market,May-October,,-85.451508,36.193394,1005,1005,,,12.461782,"186 West Main Street, Cookeville, TN 38506, United States of America",36.193413,-85.45137,,186,West Main Street,38506,,,Cookeville,Putnam County,PU,Tennessee,TN,United States,us,© OpenAddresses contributors,BSD-3-Clause License,,,,,,,,,,,,
Alton Park Community Farmers Market,May-November,,-85.312531,35.005821,1006,1006,,,0,"The Bethlehem Center, 200 West 38th Street, Chattanooga, TN 37410, United States of America",35.005737,-85.312355,The Bethlehem Center,200,West 38th Street,37410,,,Chattanooga,Hamilton County,,Tennessee,TN,United States,us,© OpenStreetMap contributors,Open Database License,,,,,,,,,,,,
Amqui Station Farmers Market,April-October,,-86.717506,36.257813,1007,1007,,,5.8834429,"514 Madison Station Boulevard, Madison, TN 37115, United States of America",36.257832,-86.717445,,514,Madison Station Boulevard,37115,,Montague,Madison,Davidson County,DA,Tennessee,TN,United States,us,© OpenAddresses contributors,BSD-3-Clause License,34,7,11,,,1,4,,8,,2,1
Arrington Farmers Market,May-October,Yes,-86.702003,35.842049,1008,1008,,,84.779106,"6361 Cox Road, Arrington, TN 37046, United States of America",35.842148,-86.701073,,6361,Cox Road,37046,,,Arrington,Williamson County,WL,Tennessee,TN,United States,us,© OpenAddresses contributors,BSD-3-Clause License,,,,,,,,,,,,
Ashland City Farmers Market,June-August,,-87.071823,36.270439,1009,1009,,,37.989819,"275 Old Cumberland Street, Ashland City, TN 37015, United States of America",36.270103,-87.071747,,275,Old Cumberland Street,37015,,,Ashland City,Cheatham County,CA,Tennessee,TN,United States,us,© OpenAddresses contributors,BSD-3-Clause License,,,,,,,,,,,,
Athens Farmers Market,April-May,,-84.591759,35.441544,1010,1010,,,11.109108,"215 East Bank Street, Athens, TN 37303, United States of America",35.441643,-84.591774,,215,East Bank Street,37303,,,Athens,McMinn County,,Tennessee,TN,United States,us,© OpenStreetMap contributors,Open Database License,,,,,,,,,,,,
Bains Orchard, ,,-86.010498,35.39917,2001,,2001,1,18.18153,"2130 Bains Road, Hillsboro, TN 37342, United States of America",35.399334,-86.010529,,2130,Bains Road,37342,,,Hillsboro,Coffee County,,Tennessee,TN,United States,us,© OpenStreetMap contributors,Open Database License,,,,,,,,,,,,
Barefoot Community Farmers Market,June-October,,-85.858246,36.522861,1011,1011,,,16.333704,"520 Lafayette Road, Red Boiling Springs, TN 37150, United States of America",36.522907,-85.85807,,520,Lafayette Road,37150,,,Red Boiling Springs,Macon County,MC,Tennessee,TN,United States,us,© OpenAddresses contributors,BSD-3-Clause License,,,,,,,,,,,,
Bartlett Station Farmers Market,May-September,Yes,-89.869392,35.199142,1012,1012,,,48.35833,"2687 Bartlett Bl, Bartlett, TN 38134, United States of America",35.198853,-89.868996,,2687,Bartlett Bl,38134,,Appling,Bartlett,Shelby County,SY,Tennessee,TN,United States,us,© OpenAddresses contributors,BSD-3-Clause License,45,10,17,2,,1,3,,11,1,,
Bell Buckle Farmers Market,June-September,,-86.354774,35.589733,1013,1013,,,20.318117,"Bellbuckle Cafe, 16 Alley Street, Bell Buckle, TN 37020, United States of America",35.589794,-86.354988,Bellbuckle Cafe,16,Alley Street,37020,,,Bell Buckle,Bedford County,BD,Tennessee,TN,United States,us,© OpenStreetMap contributors,Open Database License,,,,,,,,,,,,
Bellevue Farmers Market,May-October,,-86.93354,36.072426,1014,1014,,,14.944942,"656 Colice Jeanne Road, Nashville, TN 37221, United States of America",36.072445,-86.933701,,656,Colice Jeanne Road,37221,,Walnut Hill,Nashville,Davidson County,DA,Tennessee,TN,United States,us,© OpenAddresses contributors,BSD-3-Clause License,44,17,16,7,,,,2,,,,
Bernard Farms,Year-round,,-86.707581,36.607014,2002,,2002,1,25.250044,"7510 Clay Gregory Road, Orlinda, TN 37141, United States of America",36.6068,-86.707672,,7510,Clay Gregory Road,37141,,,Orlinda,Robertson County,,Tennessee,TN,United States,us,© OpenStreetMap contributors,Open Database License,,,,,,,,,,,,
Black Farmers Market,June-September,,-90.04586,35.115433,1015,1015,,,0,"Pilgrim Rest Baptist Church, 491 East McLemore Avenue, Memphis, TN 38106, United States of America",35.115524,-90.0457,Pilgrim Rest Baptist Church,491,East McLemore Avenue,38106,,,Memphis,Shelby County,,Tennessee,TN,United States,us,© OpenStreetMap contributors,Open Database License,,,,,,,,,,,,
Black Murfreesboro Farmers Market,May-October,,-86.396172,35.843849,1016,1016,,,34.700359,"312 South Front Street, Murfreesboro, TN 37129, United States of America",35.843899,-86.396545,,312,South Front Street,37129,,,Murfreesboro,Rutherford County,RU,Tennessee,TN,United States,us,© OpenAddresses contributors,BSD-3-Clause License,,,,,,,,,,,,
Blountville Farmers Market,April to Octobe,,-82.320137,36.534061,1017,1017,,,8.9740944,"3258 Highway 126, Blountville, TN 37617, United States of America",36.534138,-82.320175,,3258,Highway 126,37617,,,Blountville,Sullivan County,SL,Tennessee,TN,United States,us,© OpenAddresses contributors,BSD-3-Clause License,,,,,,,,,,,,
Bolivar Farmers Market,May-October,,-88.987984,35.255642,1018,1018,,,1.2621717,"174 South Main Street, Bolivar, TN 38008, United States of America",35.255642,-88.987968,,174,South Main Street,38008,,,Bolivar,Hardeman County,,Tennessee,TN,United States,us,© OpenStreetMap contributors,Open Database License,,,,,,,,,,,,
Bradley County Farmers Market,June-October,,-84.871567,35.192303,1019,1019,,,.73481268,"3120 Peerless Road NW, Cleveland, TN 37312, United States of America",35.192307,-84.871574,,3120,Peerless Road NW,37312,,,Cleveland,Bradley County,BR,Tennessee,TN,United States,us,© OpenAddresses contributors,BSD-3-Clause License,,,,,,,,,,,,
Brainerd Farmers Market,April-December,,-85.239456,35.017838,1020,1020,,,0,"Grace Episcopal Church, 20 Belvoir Avenue, Chattanooga, TN 37411, United States of America",35.017792,-85.239449,Grace Episcopal Church,20,Belvoir Avenue,37411,,,Chattanooga,Hamilton County,,Tennessee,TN,United States,us,© OpenStreetMap contributors,Open Database License,,,,,,,,,,,,
Brownsville Farmers Market,Year-round,,-89.25148,35.590057,1021,1021,,,10.220115,"317 Anderson Avenue, Brownsville, TN 38012, United States of America",35.59008,-89.251366,,317,Anderson Avenue,38012,,,Brownsville,Haywood County,,Tennessee,TN,United States,us,© OpenStreetMap contributors,Open Database License,,,,,,,,,,,,
Buffalo Trail Orchard,June-October,,-82.885681,36.025768,2003,,2003,1,77.518135,"1835 Dodd Branch Road, Greeneville, TN 37743, United States of America",36.025612,-82.884842,,1835,Dodd Branch Road,37743,,,Greeneville,Greene County,GE,Tennessee,TN,United States,us,© OpenAddresses contributors,BSD-3-Clause License,,,,,,,,,,,,
Campbell County Farmers Market,May-October,,-84.170883,36.340862,1022,1022,,,21.75053,"Tractor Supply Company, 2520 Jacksboro Pike, Jacksboro, TN 37757, United States of America",36.341175,-84.170525,Tractor Supply Company,2520,Jacksboro Pike,37757,,,Jacksboro,Campbell County,CM,Tennessee,TN,United States,us,© OpenStreetMap contributors,Open Database License,,,,,,,,,,,,
Cannon County Farmers Market,May-August,,-86.06192,35.827778,1023,1023,,,12.844635,"400 Mcminnville Highway, Woodbury, TN 37190, United States of America",35.827705,-86.061806,,400,Mcminnville Highway,37190,,,Woodbury,Cannon County,CN,Tennessee,TN,United States,us,© OpenAddresses contributors,BSD-3-Clause License,,,,,,,,,,,,
Carver's Orchard,,,-83.228668,35.836403,2004,,2004,1,42.634388,"168 Orchard Road, Cosby, TN 37722, United States of America",35.836086,-83.228935,,168,Orchard Road,37722,,,Cosby,Cocke County,,Tennessee,TN,United States,us,© OpenStreetMap contributors,Open Database License,,,,,,,,,,,,
Cedar Hill Farmers Market,April-September,,-87.001167,36.546326,1024,1024,,,3.7480438,"290 South Main Street, Cedar Hill, TN 37032, United States of America",36.546303,-87.001205,,290,South Main Street,37032,,,Cedar Hill,Robertson County,RB,Tennessee,TN,United States,us,© OpenAddresses contributors,BSD-3-Clause License,,,,,,,,,,,,
Centerville Farmers Market,May-September,,-87.462357,35.784035,1025,1025,,,26.688908,"301 Highway 100, Centerville, TN 37033, United States of America",35.784206,-87.462563,,301,Highway 100,37033,,,Centerville,Hickman County,HN,Tennessee,TN,United States,us,© OpenAddresses contributors,BSD-3-Clause License,,,,,,,,,,,,
Chattanooga Market,April-December,Yes,-85.317192,35.036198,1026,1026,,,7.4540009,"1823 Reggie White Boulevard, Chattanooga, TN 37402, United States of America",35.036263,-85.317192,,1823,Reggie White Boulevard,37402,,,Chattanooga,Hamilton County,HL,Tennessee,TN,United States,us,© OpenAddresses contributors,BSD-3-Clause License,,,,,,,,,,,,
Chelsea Avenue Farmers Market,April-October,,-89.98365,35.174797,1027,1027,,,3.1608617,"2204 Chelsea Avenue, Memphis, TN 38108, United States of America",35.17477,-89.983658,,2204,Chelsea Avenue,38108,,Hollywood,Memphis,Shelby County,SY,Tennessee,TN,United States,us,© OpenAddresses contributors,BSD-3-Clause License,,,,,,,,,,,,
Chestnut Grove Farmers Market,Year-round,,-85.668114,36.640209,1028,1028,,,1.7773815,"646 Hestand-Chestnut Grv Road, Hestand, KY 42167, United States of America",36.640198,-85.668098,,646,Hestand-Chestnut Grv Road,42167,,,Hestand,Monroe County,,Kentucky,KY,United States,us,© OpenStreetMap contributors,Open Database License,,,,,,,,,,,,
Circle Farmers Market,May-October,,-83.780556,36.067169,1029,1029,,,60.895741,"8541 Rutledge Pike, Mascot, TN 37806, United States of America",36.067467,-83.779984,,8541,Rutledge Pike,37806,,,Mascot,Knox County,KN,Tennessee,TN,United States,us,© OpenAddresses contributors,BSD-3-Clause License,,,,,,,,,,,,
Clarksville Farmers Market,May-November,,-87.361603,36.527122,1030,1030,,,0,"Department of Parks and Recreation, 102 Public Square, Clarksville, TN 37040, United States of America",36.527187,-87.361626,Department of Parks and Recreation,102,Public Square,37040,,Riverside Drive,Clarksville,Montgomery County,,Tennessee,TN,United States,us,© OpenStreetMap contributors,Open Database License,,,,,,,,,,,,
Clinton Farmers Market,April-October,,-84.132202,36.102081,1031,1031,,,0,"Regions, 245 North Main Street, Clinton, TN 37716, United States of America",36.102215,-84.132225,Regions,245,North Main Street,37716,,,Clinton,Anderson County,,Tennessee,TN,United States,us,© OpenStreetMap contributors,Open Database License,,,,,,,,,,,,
Coach's Corner Farmers Market,May-October,,-87.552124,35.555794,1032,1032,,,4.4761071,"108 Forrest Avenue, Hohenwald, TN 38462, United States of America",35.555759,-87.552147,,108,Forrest Avenue,38462,,,Hohenwald,Lewis County,LE,Tennessee,TN,United States,us,© OpenAddresses contributors,BSD-3-Clause License,,,,,,,,,,,,
Coffee County Farmers Market,March-October,Yes,-86.08535,35.483212,1033,1033,,,13.041924,"274 East Fort Street, Manchester, TN 37355, United States of America",35.48333,-86.08535,,274,East Fort Street,37355,,,Manchester,Coffee County,,Tennessee,TN,United States,us,© OpenStreetMap contributors,Open Database License,,,,,,,,,,,,
Collierville Farmers Market,May-September,,-89.67627,35.046223,1034,1034,,,31.493328,"456 West Poplar Avenue, Collierville, TN 38017, United States of America",35.04594,-89.676315,,456,West Poplar Avenue,38017,,,Collierville,Shelby County,SY,Tennessee,TN,United States,us,© OpenAddresses contributors,BSD-3-Clause License,84,21,22,8,2,8,2,4,11,1,2,2
Columbia Farmers Market,Year-round,,-87.029984,35.618534,1035,1035,,,21.012062,"104 Riverside Drive, Columbia, TN 38401, United States of America",35.618698,-87.029869,,104,Riverside Drive,38401,,,Columbia,Maury County,MU,Tennessee,TN,United States,us,© OpenAddresses contributors,BSD-3-Clause License,97,58,9,10,2,10,,3,5,,,
Coning Family Farmers Market,May-August,,-83.998627,35.665985,1036,1036,,,14.519574,"2724 Taylor Road, Maryville, TN 37803, United States of America",35.665878,-83.998718,,2724,Taylor Road,37803,,,Maryville,Blount County,BO,Tennessee,TN,United States,us,© OpenAddresses contributors,BSD-3-Clause License,,,,,,,,,,,,
Cookeville Farmers Market,February-November,,-85.505096,36.166618,1037,1037,,,1.3204944,"201 Mahler Avenue, Cookeville, TN 38501, United States of America",36.166615,-85.505081,,201,Mahler Avenue,38501,,,Cookeville,Putnam County,PU,Tennessee,TN,United States,us,© OpenAddresses contributors,BSD-3-Clause License,,,,,,,,,,,,
Cookeville Green Market,March-October,,-85.523605,36.145386,1038,1038,,,3.4219615,"310 Newman Drive, Cookeville, TN 38501, United States of America",36.14539,-85.523643,,310,Newman Drive,38501,,,Cookeville,Putnam County,PU,Tennessee,TN,United States,us,© OpenAddresses contributors,BSD-3-Clause License,,,,,,,,,,,,
Cooper-Young Farmers Market,November-March,,-89.990822,35.118256,1039,1039,,,18.681946,"Pilgrim House Hotel, 1000 South Cooper Street, Memphis, TN 38104, United States of America",35.118401,-89.990921,Pilgrim House Hotel,1000,South Cooper Street,38104,,Cooper-Young,Memphis,Shelby County,SY,Tennessee,TN,United States,us,© OpenStreetMap contributors,Open Database License,53,17,10,4,,2,,,19,,1,
Cordova International Farmers Market,Year-round,,-89.79306,35.157196,1040,1040,,,6.1201258,"1150 North Germantown Parkway, Memphis, TN 38016, United States of America",35.157234,-89.793106,,1150,North Germantown Parkway,38016,,Cordova,Memphis,Shelby County,SY,Tennessee,TN,United States,us,© OpenAddresses contributors,BSD-3-Clause License,,,,,,,,,,,,
Covington Farmers Market,May-September,,-89.640312,35.563702,1041,1041,,,.66813868,"100 Union Street, Covington, TN 38019, United States of America",35.563698,-89.640305,,100,Union Street,38019,,,Covington,Tipton County,TI,Tennessee,TN,United States,us,© OpenAddresses contributors,BSD-3-Clause License,,,,,,,,,,,,
Crockett Farmers Market,Year-round,,-89.208473,35.8134,1042,1042,,,129.80336,"3934 Highway 88, Alamo, TN 38001, United States of America",35.812241,-89.208344,,3934,Highway 88,38001,,,Alamo,Crockett County,CK,Tennessee,TN,United States,us,© OpenAddresses contributors,BSD-3-Clause License,,,,,,,,,,,,
Dandridge Farmers Market,April-October,,-83.416145,36.015366,1043,1043,,,2.8633208,"214 West Main Street, Dandridge, TN 37725, United States of America",36.015343,-83.416138,,214,West Main Street,37725,,,Dandridge,Jefferson County,JE,Tennessee,TN,United States,us,© OpenAddresses contributors,BSD-3-Clause License,,,,,,,,,,,,
Davidson Farmers CO-OP,Year-round,,-86.75634,36.250198,2005,,2005,1,12.556089,"3511 Dickerson Pike, Nashville, TN 37207, United States of America",36.250313,-86.75634,,3511,Dickerson Pike,37207,,Montague,Nashville,Davidson County,DA,Tennessee,TN,United States,us,© OpenAddresses contributors,BSD-3-Clause License,,,,,,,,,,,,
Decatur County Farmers Market,June-October,,-88.118591,35.587833,1044,1044,,,1.3308489,"270 North Pleasant Street, Decaturville, TN 38329, United States of America",35.587845,-88.118591,,270,North Pleasant Street,38329,,,Decaturville,Decatur County,DC,Tennessee,TN,United States,us,© OpenAddresses contributors,BSD-3-Clause License,,,,,,,,,,,,
Depot Street Farmers Market,May-October,Yes,-82.828636,36.162388,1045,1045,,,0,"The Greene County Partnership/Chamber of Commerce, 115 Academy Street, Greeneville, TN 37743, United States of America",36.162395,-82.828636,The Greene County Partnership/Chamber of Commerce,115,Academy Street,37743,,Greeneville Central Business District,Greeneville,Greene County,,Tennessee,TN,United States,us,© OpenStreetMap contributors,Open Database License,,,,,,,,,,,,
Dickson County Farmers Market,February-December,,-87.385345,36.077854,1046,1046,,,10.666005,"222 Church Street, Dickson, TN 37055, United States of America",36.077759,-87.385315,,222,Church Street,37055,,,Dickson,Dickson County,DI,Tennessee,TN,United States,us,© OpenAddresses contributors,BSD-3-Clause License,21,11,3,,,,,,5,,,2
Dixie Lee Farmers Market,April-November,,-84.208733,35.866192,1047,1047,,,.58174038,"12740 Kingston Pike, Knoxville, TN 37934, United States of America",35.866196,-84.208733,,12740,Kingston Pike,37934,,,Knoxville,Knox County,KN,Tennessee,TN,United States,us,© OpenAddresses contributors,BSD-3-Clause License,61,17,6,,,7,,,27,3,,1
Dotson's Produce and Greenhouse,Year-round,,-86.095558,35.198902,2006,,2006,1,1.3081623,"1510 Dinah Shore Boulevard, Winchester, TN 37398, United States of America",35.198895,-86.095551,,1510,Dinah Shore Boulevard,37398,,,Winchester,Franklin County,FR,Tennessee,TN,United States,us,© OpenAddresses contributors,BSD-3-Clause License,,,,,,,,,,,,
Downtown Friendship Farmers Market,April-October,Yes,-89.246536,35.908726,1048,1048,,,7.8884454,"631 Main Street, Friendship, TN 38034, United States of America",35.908756,-89.246613,,631,Main Street,38034,,,Friendship,Crockett County,CK,Tennessee,TN,United States,us,© OpenAddresses contributors,BSD-3-Clause License,,,,,,,,,,,,
Dresden Farmers Market,May-October,,-88.705482,36.285603,1049,1049,,,28.929255,"421 Linden Street, Dresden, TN 38225, United States of America",36.285461,-88.705757,,421,Linden Street,38225,,,Dresden,Weakley County,WE,Tennessee,TN,United States,us,© OpenAddresses contributors,BSD-3-Clause License,,,,,,,,,,,,
Dyer Farmers Market,June-October,,-88.990562,36.075291,1050,1050,,,2.101655,"296 Freemont Street, Dyer, TN 38330, United States of America",36.075275,-88.990555,,296,Freemont Street,38330,,,Dyer,Gibson County,GB,Tennessee,TN,United States,us,© OpenAddresses contributors,BSD-3-Clause License,43,9,8,,,1,3,2,20,,,
East Nashville Farmers Market,April-December,Yes,-86.764557,36.172237,1051,1051,,,34.274105,"513 Woodland Street, Nashville, TN 37206, United States of America",36.172382,-86.764221,,513,Woodland Street,37206,,East Nashville,Nashville,Davidson County,DA,Tennessee,TN,United States,us,© OpenAddresses contributors,BSD-3-Clause License,,,,,,,,,,,,
East Side Market,Year-round,,-83.265999,36.220631,1052,1052,,,1.3227104,"2240 East Morris Boulevard, Morristown, TN 37813, United States of America",36.220627,-83.266014,,2240,East Morris Boulevard,37813,,,Morristown,Hamblen County,HB,Tennessee,TN,United States,us,© OpenAddresses contributors,BSD-3-Clause License,,,,,,,,,,,,
Eastside Sunday Market,June-September,Yes,-83.900276,35.976109,1053,1053,,,91.128792,"2198 Martin Luther King Jr Avenue, Knoxville, TN 37915, United States of America",35.976788,-83.900841,,2198,Martin Luther King Jr Avenue,37915,,,Knoxville,Knox County,,Tennessee,TN,United States,us,© OpenStreetMap contributors,Open Database License,,,,,,,,,,,,
Ebenezer Road Farmers Market,April-November,,-84.07061,35.893093,1054,1054,,,0,"Ebenezer United Methodist Church, 1001 Ebenezer Road, Knoxville, TN 37923, United States of America",35.8932,-84.07061,Ebenezer United Methodist Church,1001,Ebenezer Road,37923,,,Knoxville,Knox County,,Tennessee,TN,United States,us,© OpenStreetMap contributors,Open Database License,97,53,12,1,,8,23,,,,,
Elizabethton Farmers Market,June-September,,-82.243561,36.341309,1055,1055,,,54.184307,"1208 West G Street, Elizabethton, TN 37643, United States of America",36.341614,-82.244034,,1208,West G Street,37643,,,Elizabethton,Carter County,CT,Tennessee,TN,United States,us,© OpenAddresses contributors,BSD-3-Clause License,,,,,,,,,,,,
Englewood Farmers Market,March-December,,-84.516762,35.459984,1056,1056,,,76.086189,"427 County Rd 422, Athens, TN 37303, United States of America",35.460491,-84.517326,,427,County Rd 422,37303,,,Athens,McMinn County,MM,Tennessee,TN,United States,us,© OpenAddresses contributors,BSD-3-Clause License,,,,,,,,,,,,
Erwin Farmers Market,June-August,,-82.415977,36.145386,1057,1057,,,.65783942,"Unicoi County Jail, 102 N Main Avenue, Erwin, TN 37650, United States of America",36.145386,-82.41597,Unicoi County Jail,102,N Main Avenue,37650,,,Erwin,Unicoi County,UC,Tennessee,TN,United States,us,© OpenStreetMap contributors,Open Database License,,,,,,,,,,,,
Factory Farmers Market,January-December,Yes,-86.858025,35.93185,1058,1058,,,47.61261,"230 Franklin Road, Franklin, TN 37064, United States of America",35.931892,-86.858551,,230,Franklin Road,37064,,,Franklin,Williamson County,WL,Tennessee,TN,United States,us,© OpenAddresses contributors,BSD-3-Clause License,38,,5,9,1,,,,15,,,8
Fairfield Glade Farmers Market,May-October,,-84.88678,36.007275,1059,1059,,,58.458645,"12 Wilshire Heights Drive, Fairfield Glade, TN 38558, United States of America",36.00779,-84.886642,,12,Wilshire Heights Drive,38558,,,Fairfield Glade,Cumberland County,CU,Tennessee,TN,United States,us,© OpenAddresses contributors,BSD-3-Clause License,,,,,,,,,,,,
Fairview Farmers Market,Year-round,,-87.127617,35.973919,1060,1060,,,30.16733,"2199 Fairview Boulevard, Fairview, TN 37062, United States of America",35.974133,-87.127823,,2199,Fairview Boulevard,37062,,,Fairview,Williamson County,WL,Tennessee,TN,United States,us,© OpenAddresses contributors,BSD-3-Clause License,,,,,,,,,,,,
Farm Fresh Produce,Year-round,,-83.979698,35.946907,1061,1061,,,2.3513799,"3617 Sutherland Avenue, Knoxville, TN 37919, United States of America",35.946922,-83.979706,,3617,Sutherland Avenue,37919,,,Knoxville,Knox County,KN,Tennessee,TN,United States,us,© OpenAddresses contributors,BSD-3-Clause License,,,,,,,,,,,,
Farm Market Trenton,June-September,,-88.940094,35.981426,1062,1062,,,9.7376919,"232 East Huntingdon Street, Trenton, TN 38382, United States of America",35.981514,-88.940102,,232,East Huntingdon Street,38382,,,Trenton,Gibson County,,Tennessee,TN,United States,us,© OpenStreetMap contributors,Open Database License,,,,,,,,,,,,
Farm Park Farmers Market,June-August,Yes,-89.805412,35.081184,1063,1063,,,67.93029,"7725 Poplar Pi, Germantown, TN 38138, United States of America",35.081787,-89.805283,,7725,Poplar Pi,38138,,Balmoral,Germantown,Shelby County,SY,Tennessee,TN,United States,us,© OpenAddresses contributors,BSD-3-Clause License,66,24,17,9,1,5,0,1,2,1,6,
Farmers Market Pavillion,June-September,,-86.443542,35.489582,1064,1064,,,117.85423,"125 Sunlite Road, Shelbyville, TN 37160, United States of America",35.489265,-86.442307,,125,Sunlite Road,37160,,,Shelbyville,Bedford County,BD,Tennessee,TN,United States,us,© OpenAddresses contributors,BSD-3-Clause License,,,,,,,,,,,,
Farmers Market at Dixie Chile Ranch,June-October,,-89.054466,36.249874,1065,1065,,,.75907338,"3155 East Union Grove Road, Obion County, TN 38233, United States of America",36.249882,-89.054466,,3155,East Union Grove Road,38233,,,,Obion County,,Tennessee,TN,United States,us,© OpenStreetMap contributors,Open Database License,,,,,,,,,,,,
Farmers Market at River Park,May-September,,-87.463013,35.782978,1066,1066,,,1.8328565,"142 North Central Avenue, Centerville, TN 37033, United States of America",35.782993,-87.463005,,142,North Central Avenue,37033,,,Centerville,Hickman County,HN,Tennessee,TN,United States,us,© OpenAddresses contributors,BSD-3-Clause License,,,,,,,,,,,,
Farmers Market at the Fairgrounds,May-June,,-89.409676,35.899395,1067,1067,,,8.6119461,"794 Co Op Drive, Halls, TN 38040, United States of America",35.899315,-89.409676,,794,Co Op Drive,38040,,,Halls,Lauderdale County,LU,Tennessee,TN,United States,us,© OpenAddresses contributors,BSD-3-Clause License,,,,,,,,,,,,
Farmers Market of Lafayette,June-October,,-86.028625,36.521782,1068,1068,,,59.228027,"208 Church Street, Lafayette, TN 37083, United States of America",36.522083,-86.028084,,208,Church Street,37083,,,Lafayette,Macon County,MC,Tennessee,TN,United States,us,© OpenAddresses contributors,BSD-3-Clause License,,,,,,,,,,,,
Farmin in the Halls,May-September,,-86.749557,36.064041,1069,1069,,,10.820615,"Crievewood United Methodist Church, 451 Hogan Road, Nashville, TN 37220, United States of America",36.064034,-86.749672,Crievewood United Methodist Church,451,Hogan Road,37220,,Crieve Hall,Nashville,Davidson County,DA,Tennessee,TN,United States,us,© OpenStreetMap contributors,Open Database License,30,4,8,4,2,,,4,,,,8
Fayette County Farmers Market,May-August,,-89.415802,35.233963,1070,1070,,,29.449009,"50 Teague Store Road, Somerville, TN 38068, United States of America",35.234226,-89.415794,,50,Teague Store Road,38068,,,Somerville,Fayette County,FA,Tennessee,TN,United States,us,© OpenAddresses contributors,BSD-3-Clause License,,,,,,,,,,,,
Fayetteville Farmers Market,April-October,,-86.572327,35.147972,1071,1071,,,.87822264,"414 Lincoln Avenue South, Fayetteville, TN 37334, United States of America",35.147964,-86.572319,,414,Lincoln Avenue South,37334,,,Fayetteville,Lincoln County,LI,Tennessee,TN,United States,us,© OpenAddresses contributors,BSD-3-Clause License,,,,,,,,,,,,
Fentress County Farmers Market,May-October,,-84.924583,36.428059,1072,1072,,,2.0087409,"452 Mark Twain Avenue East, Jamestown, TN 38556, United States of America",36.428051,-84.924561,,452,Mark Twain Avenue East,38556,,,Jamestown,Fentress County,FE,Tennessee,TN,United States,us,© OpenAddresses contributors,BSD-3-Clause License,,,,,,,,,,,,
Flourish Farmers Market,June-October,,-86.777298,36.149513,1073,1073,,,6.2915268,"645 Division Street, Nashville, TN 37203, United States of America",36.14957,-86.777306,,645,Division Street,37203,,Edgehill,Nashville,Davidson County,DA,Tennessee,TN,United States,us,© OpenAddresses contributors,BSD-3-Clause License,,,,,,,,,,,,
Forest Hills UMC Farmers Market,Closed,,-86.819603,36.042645,1074,1074,,,44.405209,"Forest Hills United Methodist Church, 1250 Old Hickory Boulevard, Brentwood, TN 37027, United States of America",36.042278,-86.819801,Forest Hills United Methodist Church,1250,Old Hickory Boulevard,37027,,,Brentwood,Davidson County,DA,Tennessee,TN,United States,us,© OpenStreetMap contributors,Open Database License,,,,,,,,,,,,
Franklin Farmers Market,May-October,,-86.858025,35.93185,1075,1075,,,47.61261,"230 Franklin Road, Franklin, TN 37064, United States of America",35.931892,-86.858551,,230,Franklin Road,37064,,,Franklin,Williamson County,WL,Tennessee,TN,United States,us,© OpenAddresses contributors,BSD-3-Clause License,34,23,4,,,,,,7,,,
Fresh Mess Farmers Market,June-October,,-85.835388,35.240692,1076,1076,,,4.271626,"143 College Street, Monteagle, TN 37356, United States of America",35.24073,-85.835381,,143,College Street,37356,,,Monteagle,Marion County,MI,Tennessee,TN,United States,us,© OpenAddresses contributors,BSD-3-Clause License,,,,,,,,,,,,
Fresh Roots Farmers Market,June-September,,-89.859177,35.051006,1077,1077,,,15.723103,"6120 Winchester Road, Memphis, TN 38115, United States of America",35.050865,-89.859192,,6120,Winchester Road,38115,,South Riverdale,Memphis,Shelby County,SY,Tennessee,TN,United States,us,© OpenAddresses contributors,BSD-3-Clause License,,,,,,,,,,,,
Gallatin Farmers Market,May-October,,-86.44902,36.388996,1078,1078,,,1.0603315,"160 West Franklin Street, Gallatin, TN 37066, United States of America",36.389004,-86.449028,,160,West Franklin Street,37066,,,Gallatin,Sumner County,SN,Tennessee,TN,United States,us,© OpenAddresses contributors,BSD-3-Clause License,25,4,6,,,4,1,10,,,,
Gatlinburg Farmers Market,May-October,,-83.480171,35.725506,1079,1079,,,9.6026812,"1222 E Parkway, Gatlinburg, TN 37738, United States of America",35.725433,-83.480118,,1222,E Parkway,37738,,,Gatlinburg,Sevier County,SV,Tennessee,TN,United States,us,© OpenAddresses contributors,BSD-3-Clause License,9 to 15,,,,,,,,,,,
Giles County Agri Park Farmers Market,May-November,,-87.009201,35.15522,1080,1080,,,111.39248,"2014 Elkton Pike, Pulaski, TN 38478, United States of America",35.155987,-87.009987,,2014,Elkton Pike,38478,,,Pulaski,Giles County,GL,Tennessee,TN,United States,us,© OpenAddresses contributors,BSD-3-Clause License,,,,,,,,,,,,
Giles County Farmers Market,May-October,,-87.031837,35.19986,1081,1081,,,11.736802,"116 North Second Street, Pulaski, TN 38478, United States of America",35.199814,-87.031723,,116,North Second Street,38478,,,Pulaski,Giles County,GL,Tennessee,TN,United States,us,© OpenAddresses contributors,BSD-3-Clause License,,,,,,,,,,,,
Goodlettsville Farmers Market,May-October,,-86.689774,36.323563,1082,1082,,,5.4731112,"705 Caldwell Drive, Goodlettsville, TN 37072, United States of America",36.323612,-86.689758,,705,Caldwell Drive,37072,,,Goodlettsville,Sumner County,SN,Tennessee,TN,United States,us,© OpenAddresses contributors,BSD-3-Clause License,,,,,,,,,,,,
Grand Junction Farmers Market,May-October,,-89.189461,35.050877,1083,1083,,,3.2512462,"216 Highway 57 West, Grand Junction, TN 38039, United States of America",35.050903,-89.189438,,216,Highway 57 West,38039,,,Grand Junction,Hardeman County,HA,Tennessee,TN,United States,us,© OpenAddresses contributors,BSD-3-Clause License,,,,,,,,,,,,
Green Acres Produce,Year-round,,-84.8825,35.22213,2007,,2007,1,1.9115244,"4450 Georgetown Road NW, Cleveland, TN 37312, United States of America",35.222145,-84.882492,,4450,Georgetown Road NW,37312,,,Cleveland,Bradley County,BR,Tennessee,TN,United States,us,© OpenAddresses contributors,BSD-3-Clause License,,,,,,,,,,,,
Greeneville Farmers Market,May-October,,-82.76474,36.17448,1084,1084,,,3.211118,"690 Erwin Highway, Greeneville, TN 37743, United States of America",36.1745,-82.764763,,690,Erwin Highway,37743,,,Greeneville,Greene County,GE,Tennessee,TN,United States,us,© OpenAddresses contributors,BSD-3-Clause License,,,,,,,,,,,,
Hampshire Community Farmers Market,April-September,,-87.309692,35.582569,1085,1085,,,.071554378,"4443 Hampshire Pike, Hampshire, TN 38461, United States of America",35.582569,-87.309692,,4443,Hampshire Pike,38461,,,Hampshire,Maury County,MU,Tennessee,TN,United States,us,© OpenAddresses contributors,BSD-3-Clause License,,,,,,,,,,,,
Hancock Family Farm Market,Year-round,,-86.809731,36.554855,2008,,2008,1,10.95619,"6050 Highway 25 East, Springfield, TN 37172, United States of America",36.554951,-86.809746,,6050,Highway 25 East,37172,,,Springfield,Robertson County,RB,Tennessee,TN,United States,us,© OpenAddresses contributors,BSD-3-Clause License,,,,,,,,,,,,
Harriman Farmers Market,June-September,,-84.551659,35.934929,1086,1086,,,41.549732,"413 North Roane Street, Harriman, TN 37748, United States of America",35.934906,-84.551201,,413,North Roane Street,37748,,,Harriman,Roane County,RA,Tennessee,TN,United States,us,© OpenAddresses contributors,BSD-3-Clause License,,,,,,,,,,,,
Harrogate Plant and Produce,Year-round,,-83.651863,36.572701,2009,,2009,1,2.0743546,"902 Patterson Road, Harrogate, TN 37752, United States of America",36.572693,-83.65184,,902,Patterson Road,37752,,,Harrogate,Claiborne County,CI,Tennessee,TN,United States,us,© OpenAddresses contributors,BSD-3-Clause License,,,,,,,,,,,,
Henderson Farmers Market,May-October,,-88.658333,35.448219,1087,1087,,,7.1008887,"584 North Church Avenue, Henderson, TN 38340, United States of America",35.448273,-88.658295,,584,North Church Avenue,38340,,,Henderson,Chester County,,Tennessee,TN,United States,us,© OpenStreetMap contributors,Open Database License,,,,,,,,,,,,
Hendersonville Farmers Market,May-September,,-86.590652,36.330276,1088,1088,,,30.011681,"300 Indian Lake Boulevard, Hendersonville, TN 37075, United States of America",36.330528,-86.590546,,300,Indian Lake Boulevard,37075,,,Hendersonville,Sumner County,SN,Tennessee,TN,United States,us,© OpenAddresses contributors,BSD-3-Clause License,,,,,,,,,,,,
Henry County Farmers Market,June-August,,-88.287506,36.307667,1089,1089,,,10.27712,"517 B Royal Oak Drive, Paris, TN 38242, United States of America",36.307583,-88.287552,,517 B,Royal Oak Drive,38242,,,Paris,Henry County,HR,Tennessee,TN,United States,us,© OpenAddresses contributors,BSD-3-Clause License,,,,,,,,,,,,
Henry Horton Farmers Market,May-October,,-86.699394,35.588039,1090,1090,,,0,"Bufford Ellington Golf Course, 4358 Nashville Highway, Chapel Hill, TN 37034, United States of America",35.584881,-86.699631,Bufford Ellington Golf Course,4358,Nashville Highway,37034,,,Chapel Hill,Marshall County,,Tennessee,TN,United States,us,© OpenStreetMap contributors,Open Database License,,,,,,,,,,,,
Hernando Farmers Market,April-October,,-89.994766,34.823029,,,,,,"2535 Hwy 51 South, Hernando, MS 38632, United States of America",34.823029,-89.994766,,2535,Hwy 51 South,38632,,,Hernando,DeSoto County,,Mississippi,MS,United States,us,© OpenAddresses contributors,BSD-3-Clause License,,,,,,,,,,,,
Hidden Gem Farmers Market,April-December,,-86.929115,35.756996,1091,1091,,,9.1078396,"898 Old Military Road, Spring Hill, TN 37174, United States of America",35.756916,-86.929123,,898,Old Military Road,37174,,,Spring Hill,Maury County,,Tennessee,TN,United States,us,© OpenStreetMap contributors,Open Database License,,,,,,,,,,,,
Highland Amish Produce Market,June-October,,-86.043358,36.656097,2010,,2010,1,7.9679875,"4684 Highland Church Road, Amos, KY 42153, United States of America",36.656052,-86.043289,,4684,Highland Church Road,42153,,,Amos,Allen County,,Kentucky,KY,United States,us,© OpenStreetMap contributors,Open Database License,,,,,,,,,,,,
Hip Donelson Farmers Market,May-October,Yes,-86.66687,36.167156,1092,1092,,,9.0513906,"2705 Lebanon Pike, Nashville, TN 37214, United States of America",36.167236,-86.66687,,2705,Lebanon Pike,37214,,Lincoya Hills,Nashville,Davidson County,DA,Tennessee,TN,United States,us,© OpenAddresses contributors,BSD-3-Clause License,69,9,28,9,1,,,,9,3,10,
Hixson Community Farmers Market,May-October,,-85.17144,35.173191,1093,1093,,,0,"Saint Alban's Episcopal Church, 7514 Hixson Pike, Middle Valley, TN 37343, United States of America",35.173191,-85.171455,Saint Alban's Episcopal Church,7514,Hixson Pike,37343,,,Middle Valley,Hamilton County,,Tennessee,TN,United States,us,© OpenStreetMap contributors,Open Database License,,,,,,,,,,,,
Hopkinsville Farmers Market,May-October,,-87.489662,36.865978,,,,,,"198 West 9th Street, Hopkinsville, KY 42240, United States of America",36.865978,-87.489662,,198,West 9th Street,42240,,,Hopkinsville,Christian County,,Kentucky,KY,United States,us,© OpenStreetMap contributors,Open Database License,,,,,,,,,,,,
Humboldt Farmers Market,June-October,,-88.915543,35.818756,1094,1094,,,3.2601724,"1512 Burrow Street, Humboldt, TN 38343, United States of America",35.818787,-88.915558,,1512,Burrow Street,38343,,,Humboldt,Gibson County,GB,Tennessee,TN,United States,us,© OpenAddresses contributors,BSD-3-Clause License,,,,,,,,,,,,
Hwy 79 Farmers Market,May-October,,-87.840103,36.488113,1095,1095,,,6.5902081,"225 Donelson Parkway, Dover, TN 37058, United States of America",36.488068,-87.84005,,225,Donelson Parkway,37058,,,Dover,Stewart County,SA,Tennessee,TN,United States,us,© OpenAddresses contributors,BSD-3-Clause License,,,,,,,,,,,,
Jackson County Farmers Market,March-November,,-85.6567,36.337013,1096,1096,,,3.6849272,"757 South Grundy Quarles Highway, Gainesboro, TN 38562, United States of America",36.336983,-85.656708,,757,South Grundy Quarles Highway,38562,,,Gainesboro,Jackson County,JA,Tennessee,TN,United States,us,© OpenAddresses contributors,BSD-3-Clause License,,,,,,,,,,,,
Janta Farmers Market Knoxville,Year-round,,-84.062874,35.92326,1097,1097,,,0,"Party City, 8503 Kingston Pike, Knoxville, TN 37919, United States of America",35.923077,-84.062904,Party City,8503,Kingston Pike,37919,,,Knoxville,Knox County,,Tennessee,TN,United States,us,© OpenStreetMap contributors,Open Database License,,,,,,,,,,,,
Jellico Farmers Market,May-October,,-84.127022,36.589436,1098,1098,,,9.2713299,"275 North Main Street, Jellico, TN 37762, United States of America",36.589352,-84.127029,,275,North Main Street,37762,,,Jellico,Campbell County,CM,Tennessee,TN,United States,us,© OpenAddresses contributors,BSD-3-Clause License,,,,,,,,,,,,
Johnson City Farmers Market,May-October,,-82.353622,36.316116,1099,1099,,,.67073977,"The Pavilion at Founders Park, 8 Wilson Avenue, Johnson City, TN 37604, United States of America",36.315754,-82.353722,The Pavilion at Founders Park,8,Wilson Avenue,37604,,Johnson City Central Business District,Johnson City,Washington County,WI,Tennessee,TN,United States,us,© OpenStreetMap contributors,Open Database License,5,4,1,,,,,,,,,
Jones Orchard,June-October,,-89.930466,35.321701,2011,,2011,1,5.4263463,"7170 Us Highway 51, Millington, TN 38053, United States of America",35.321663,-89.930435,,7170,Us Highway 51,38053,,,Millington,Shelby County,SY,Tennessee,TN,United States,us,© OpenAddresses contributors,BSD-3-Clause License,,,,,,,,,,,,
Jonesborough Farmers Market,May-October,Yes,-82.472748,36.294182,1100,1100,,,2.8770683,"112 Courthouse Square, Jonesborough, TN 37659, United States of America",36.294186,-82.472717,,112,Courthouse Square,37659,,,Jonesborough,Washington County,,Tennessee,TN,United States,us,© OpenStreetMap contributors,Open Database License,,,,,,,,,,,,
Keith's Stand,,,-87.2873,36.571075,2012,,2012,1,51.629147,"361 Warfield Boulevard, Clarksville, TN 37043, United States of America",36.570724,-87.287674,,361,Warfield Boulevard,37043,,,Clarksville,Montgomery County,MT,Tennessee,TN,United States,us,© OpenAddresses contributors,BSD-3-Clause License,,,,,,,,,,,,
Kingsport Farmers Market,May-October,Yes,-82.564865,36.551525,1101,1101,,,3.4224443,"308 Clinchfield Street, Kingsport, TN 37660, United States of America",36.551502,-82.564888,,308,Clinchfield Street,37660,,,Kingsport,Sullivan County,SL,Tennessee,TN,United States,us,© OpenAddresses contributors,BSD-3-Clause License,163,32,15,3,1,28,2,10,58,2,1,2
Kingston Lakeside Farmers Market,April-September,,-84.518211,35.870785,1102,1102,,,0,"Bethel Presbyterian Church, 203 South Kentucky Street, Kingston, TN 37763, United States of America",35.870823,-84.518196,Bethel Presbyterian Church,203,South Kentucky Street,37763,,,Kingston,Roane County,,Tennessee,TN,United States,us,© OpenStreetMap contributors,Open Database License,29,6,,1,,5,,,16,,,1
Kingston Springs Farmers Market,May-August,,-87.114639,36.101723,1103,1103,,,1.5878222,"428 North Main Street, Kingston Springs, TN 37082, United States of America",36.101727,-87.114662,,428,North Main Street,37082,,,Kingston Springs,Cheatham County,CA,Tennessee,TN,United States,us,© OpenAddresses contributors,BSD-3-Clause License,,,,,,,,,,,,
La Vergne Farmers Market,May-September,,-86.580269,36.022114,1104,1104,,,0,"La Vergne City Hall, 5093 Murfreesboro Road, La Vergne, TN 37086, United States of America",36.022022,-86.580269,La Vergne City Hall,5093,Murfreesboro Road,37086,,,La Vergne,Rutherford County,,Tennessee,TN,United States,us,© OpenStreetMap contributors,Open Database License,,,,,,,,,,,,
Lakeshore Park Farmers Market,April-November,,-83.990822,35.923721,1105,1105,,,28.346222,"5904 Lyons View Pike, Knoxville, TN 37919, United States of America",35.923779,-83.991135,,5904,Lyons View Pike,37919,,,Knoxville,Knox County,KN,Tennessee,TN,United States,us,© OpenAddresses contributors,BSD-3-Clause License,,,,,,,,,,,,
Lascassas Farmers Market,April-October,,-86.284569,35.939407,1106,1106,,,14.817963,"7684 Barlow Lane, Lascassas, TN 37085, United States of America",35.939312,-86.284683,,7684,Barlow Lane,37085,,,Lascassas,Rutherford County,RU,Tennessee,TN,United States,us,© OpenAddresses contributors,BSD-3-Clause License,,,,,,,,,,,,
Lawrenceburg Farmers Market,June-October,,-87.335075,35.239952,1107,1107,,,21.008902,"25 Public Square, Lawrenceburg, TN 38464, United States of America",35.240128,-87.334999,,25,Public Square,38464,,,Lawrenceburg,Lawrence County,LW,Tennessee,TN,United States,us,© OpenAddresses contributors,BSD-3-Clause License,,,,,,,,,,,,
Lebanon Farmers Market,March-December,,-86.292358,36.2061,1108,1108,,,7.8442645,"143 South Maple Street, Lebanon, TN 37087, United States of America",36.20612,-86.292442,,143,South Maple Street,37087,,,Lebanon,Wilson County,WO,Tennessee,TN,United States,us,© OpenAddresses contributors,BSD-3-Clause License,,,,,,,,,,,,
Lester Farms,April-October,,-86.312798,36.236256,2013,,2013,1,11.565244,"524 Hartmann Drive, Lebanon, TN 37087, United States of America",36.23634,-86.312874,,524,Hartmann Drive,37087,,,Lebanon,Wilson County,WO,Tennessee,TN,United States,us,© OpenAddresses contributors,BSD-3-Clause License,,,,,,,,,,,,
Lightfoot Farmers Market,April-December,,-89.975136,35.328697,1109,1109,,,154.08244,"7426 Ward Road, Millington, TN 38053, United States of America",35.328991,-89.976799,,7426,Ward Road,38053,,,Millington,Shelby County,SY,Tennessee,TN,United States,us,© OpenAddresses contributors,BSD-3-Clause License,,,,,,,,,,,,
Lookout Farmers Market,April-October,,-85.133476,35.002716,1110,1110,,,6.8845525,"8645 East Brainerd Road, Chattanooga, TN 37421, United States of America",35.002682,-85.133415,,8645,East Brainerd Road,37421,,,Chattanooga,Hamilton County,HL,Tennessee,TN,United States,us,© OpenAddresses contributors,BSD-3-Clause License,,,,,,,,,,,,
Loretto Farmers Market,May-October,,-87.440239,35.078712,1111,1111,,,25.646738,"206 West Commerce Street, Loretto, TN 38469, United States of America",35.078861,-87.440025,,206,West Commerce Street,38469,,,Loretto,Lawrence County,,Tennessee,TN,United States,us,© OpenStreetMap contributors,Open Database License,23,9,6,,,,,1,7,,,
Loveday Garden Center,Year-round,,-83.823952,35.900593,1112,1112,,,32.556274,"8105 Chapman Highway, Knoxville, TN 37920, United States of America",35.900887,-83.823975,,8105,Chapman Highway,37920,,,Knoxville,Knox County,KN,Tennessee,TN,United States,us,© OpenAddresses contributors,BSD-3-Clause License,,,,,,,,,,,,
Lynchburg Farmers Market,May-October,,-86.376099,35.279995,1113,1113,,,56.320656,"277 Wiseman Park Road, Lynchburg, TN 37352, United States of America",35.280457,-86.376358,,277,Wiseman Park Road,37352,,,Lynchburg,Moore County,,Tennessee,TN,United States,us,© OpenStreetMap contributors,Open Database License,,,,,,,,,,,,
Macon County Farmers Market,June-October,,-86.028061,36.522079,1114,1114,,,1.798326,"208 Church Street, Lafayette, TN 37083, United States of America",36.522083,-86.028084,,208,Church Street,37083,,,Lafayette,Macon County,MC,Tennessee,TN,United States,us,© OpenAddresses contributors,BSD-3-Clause License,,,,,,,,,,,,
Madison Creek Farms,,,-86.670357,36.331738,2014,,2014,1,66.015747,"1228 Willis Branch Road, Goodlettsville, TN 37072, United States of America",36.3312,-86.670052,,1228,Willis Branch Road,37072,,,Goodlettsville,Sumner County,SN,Tennessee,TN,United States,us,© OpenAddresses contributors,BSD-3-Clause License,,,,,,,,,,,,
Madisonville Farmers Market,May-October,,-84.363312,35.521286,1115,1115,,,13.239643,"130 Hickory Street, Madisonville, TN 37354, United States of America",35.521404,-84.363312,,130,Hickory Street,37354,,,Madisonville,Monroe County,,Tennessee,TN,United States,us,© OpenStreetMap contributors,Open Database License,,,,,,,,,,,,
Main Street Dyersburg Farmers Market,July-September,,-89.389748,36.029892,1116,1116,,,.38370401,"335 South Clark Avenue, Dyersburg, TN 38024, United States of America",36.029892,-89.389748,,335,South Clark Avenue,38024,,,Dyersburg,Dyer County,DY,Tennessee,TN,United States,us,© OpenAddresses contributors,BSD-3-Clause License,,,,,,,,,,,,
Main Street Farmers Market,Year-round,Yes,-85.314392,35.036098,1117,1117,,,0,"1804 Chestnut Street, Chattanooga, TN 37408, United States of America",35.036118,-85.3144,,1804,Chestnut Street,37408,,,Chattanooga,Hamilton County,,Tennessee,TN,United States,us,© OpenStreetMap contributors,Open Database License,36,20,4,,,11,,,1,,,
Main Street Murfreesboro Farmers Market,May - October,,-86.392044,35.846062,1118,1118,,,0,"Rutherford County Courthouse, 1 South Public Square, Murfreesboro, TN 37130, United States of America",35.84602,-86.392044,Rutherford County Courthouse,1,South Public Square,37130,,,Murfreesboro,Rutherford County,,Tennessee,TN,United States,us,© OpenStreetMap contributors,Open Database License,,,,,,,,,,,,
Malco Produce Farm,April-October,,-85.522942,36.144451,2015,,2015,1,2.0072503,"870 South Willow Avenue, Cookeville, TN 38501, United States of America",36.144447,-85.522919,,870,South Willow Avenue,38501,,,Cookeville,Putnam County,PU,Tennessee,TN,United States,us,© OpenAddresses contributors,BSD-3-Clause License,,,,,,,,,,,,
Manchester Parks and Recreation Farmers Market,May-October,,-86.077629,35.483604,1119,1119,,,20.829533,"598 McMinnville Highway, Manchester, TN 37355, United States of America",35.483418,-86.077629,,598,McMinnville Highway,37355,,,Manchester,Coffee County,,Tennessee,TN,United States,us,© OpenStreetMap contributors,Open Database License,,,,,,,,,,,,
Marion County Farmers Market,March-December,,-85.655251,35.056435,1120,1120,,,36.565807,"2235 Main Street, Jasper, TN 37347, United States of America",35.0564,-85.654846,,2235,Main Street,37347,,,Jasper,Marion County,MI,Tennessee,TN,United States,us,© OpenAddresses contributors,BSD-3-Clause License,,,,,,,,,,,,
Market Square Farmers Market,May-November,Yes,-83.919464,35.965015,1121,1121,,,10.038707,"8 Market Square, Knoxville, TN 37902, United States of America",35.965054,-83.919357,,8,Market Square,37902,,,Knoxville,Knox County,KN,Tennessee,TN,United States,us,© OpenAddresses contributors,BSD-3-Clause License,160,45,10,8,,26,,14,45,5,1,6
Market-To-Go Oak Ridge,March-December,,-84.240196,36.024799,1122,1122,,,27.062094,"116 Milan Way, Oak Ridge, TN 37830, United States of America",36.024693,-84.239929,,116,Milan Way,37830,,,Oak Ridge,Roane County,RA,Tennessee,TN,United States,us,© OpenAddresses contributors,BSD-3-Clause License,,,,,,,,,,,,
Marshall County Farmers Market,July-October,,-86.774467,35.463123,1123,1123,,,89.064117,"1250 Old Farmington Road, Lewisburg, TN 37091, United States of America",35.463886,-86.774178,,1250,Old Farmington Road,37091,,,Lewisburg,Marshall County,MS,Tennessee,TN,United States,us,© OpenAddresses contributors,BSD-3-Clause License,,,,,,,,,,,,
Martin Farmers Market,May-October,,-88.850456,36.343204,1124,1124,,,20.813221,"311 South Lindell Street, Martin, TN 38237, United States of America",36.343201,-88.850693,,311,South Lindell Street,38237,,,Martin,Weakley County,WE,Tennessee,TN,United States,us,© OpenAddresses contributors,BSD-3-Clause License,,,,,,,,,,,,
Maryville Farmers Market,April-November,,-83.969887,35.756851,1125,1125,,,35.934734,"250 East Broadway Avenue, Maryville, TN 37804, United States of America",35.756672,-83.970222,,250,East Broadway Avenue,37804,,,Maryville,Blount County,BO,Tennessee,TN,United States,us,© OpenAddresses contributors,BSD-3-Clause License,28,7,5,,,2,4,2,8,,,
Masons Cumberland Farmers Market,May-October,,-85.045319,35.968632,1126,1126,,,23.610407,"1578 Livingston Road, Crossville, TN 38571, United States of America",35.968418,-85.04528,,1578,Livingston Road,38571,,,Crossville,Cumberland County,,Tennessee,TN,United States,us,© OpenStreetMap contributors,Open Database License,,,,,,,,,,,,
McEwen Farmers Market,May-September,,-87.631691,36.107208,1127,1127,,,15.597631,"9704 Hwy 70 East, Mcewen, TN 37101, United States of America",36.107346,-87.631721,,9704,Hwy 70 East,37101,,,Mcewen,Humphreys County,HU,Tennessee,TN,United States,us,© OpenAddresses contributors,BSD-3-Clause License,,,,,,,,,,,,
McKenzie Farmers Market,June-October,,-88.519417,36.132435,1128,1128,,,6.8495808,"2431 Cedar Street, Mckenzie, TN 38201, United States of America",36.132492,-88.519379,,2431,Cedar Street,38201,,,Mckenzie,Carroll County,CR,Tennessee,TN,United States,us,© OpenAddresses contributors,BSD-3-Clause License,,,,,,,,,,,,
Memphis Farmers Market,April-October,Yes,-90.060135,35.131844,1129,1129,,,48.115074,"557 S Main, Memphis, TN 38103, United States of America",35.132195,-90.05983,,557,S Main,38103,,South End,Memphis,Shelby County,SY,Tennessee,TN,United States,us,© OpenAddresses contributors,BSD-3-Clause License,69,18,24,3,,1,,2,12,1,8,
Michie Farmers Market,Year-round,,-88.430107,35.06245,,,,,,"Michie, TN, United States of America",35.06245,-88.430107,,,,38357,,,Michie,McNairy County,,Tennessee,TN,United States,us,Who's On First,CC0,,,,,,,,,,,,
Middlesboro Farmers Market,May-October,,-83.708183,36.607517,1130,1130,,,7.5529761,"119 South 16th Street, Middlesborough, KY 40965, United States of America",36.607529,-83.708099,,119,South 16th Street,40965,,,Middlesborough,Bell County,,Kentucky,KY,United States,us,© OpenStreetMap contributors,Open Database License,,,,,,,,,,,,
Milan Farmers Market,May-October,,-88.760223,35.919815,1131,1131,,,9.9702549,"1109 South West Front Street, Milan, TN 38358, United States of America",35.919727,-88.760223,,1109,South West Front Street,38358,,,Milan,Gibson County,GB,Tennessee,TN,United States,us,© OpenAddresses contributors,BSD-3-Clause License,,,,,,,,,,,,
Millington Farmers Market,May-October,,-89.891296,35.342567,1132,1132,,,21.388336,"5152 Easley Avenue, Millington, TN 38053, United States of America",35.342583,-89.89106,,5152,Easley Avenue,38053,,,Millington,Shelby County,SY,Tennessee,TN,United States,us,© OpenAddresses contributors,BSD-3-Clause License,,,,,,,,,,,,
Monroe County Farmers Markets,April-July,,-84.297417,35.366898,1133,1133,,,3.7693098,"225 Cherohala Skyway, Tellico Plains, TN 37385, United States of America",35.366924,-84.29744,,225,Cherohala Skyway,37385,,,Tellico Plains,Monroe County,MR,Tennessee,TN,United States,us,© OpenAddresses contributors,BSD-3-Clause License,,,,,,,,,,,,
Monterey Farmers Market,March-October,Yes,-85.269875,36.1469,1134,1134,,,5.5564036,"117 West Railroad Avenue, Monterey, TN 38574, United States of America",36.146858,-85.269905,,117,West Railroad Avenue,38574,,,Monterey,Putnam County,,Tennessee,TN,United States,us,© OpenStreetMap contributors,Open Database License,,,,,,,,,,,,
Morgan County Farmers Market,June-September,,-84.573814,36.099636,1135,1135,,,86.861603,"Solomon Park and Civic Center, 132 Carter St, Wartburg, TN 37887, United States of America",36.099426,-84.574745,Solomon Park and Civic Center,132,Carter St,37887,,,Wartburg,Morgan County,MG,Tennessee,TN,United States,us,© OpenStreetMap contributors,Open Database License,,,,,,,,,,,,
Morristown Farmers Market,May-October,,-83.292061,36.211834,1136,1136,,,6.8458014,"130 West Morris Boulevard, Morristown, TN 37813, United States of America",36.2118,-83.292122,,130,West Morris Boulevard,37813,,,Morristown,Hamblen County,HB,Tennessee,TN,United States,us,© OpenAddresses contributors,BSD-3-Clause License,,,,,,,,,,,,
Mt. Juliet Farmers Market,May-October,,-86.510231,36.221783,1137,1137,,,69.141426,"1020 Charlie Daniels Parkway, Mount Juliet, TN 37122, United States of America",36.221249,-86.510628,,1020,Charlie Daniels Parkway,37122,,,Mount Juliet,Wilson County,WO,Tennessee,TN,United States,us,© OpenAddresses contributors,BSD-3-Clause License,18,7,4,,,2,,,5,,,
Murray Farmers Market,May-October,,-88.302254,36.609859,1138,1138,,,6.7955203,"403 Maple Street, Murray, KY 42071, United States of America",36.609798,-88.302254,,403,Maple Street,42071,,,Murray,Calloway County,,Kentucky,KY,United States,us,© OpenStreetMap contributors,Open Database License,,,,,,,,,,,,
Nashville Farmers Market,Year-round,Yes,-86.788879,36.170719,1139,1139,,,0,"Nashville Farmer's Market, 900 Rosa L Parks Boulevard, Nashville, TN 37208, United States of America",36.170235,-86.788673,Nashville Farmer's Market,900,Rosa L Parks Boulevard,37208,Downtown Nashville,,Nashville,Davidson County,,Tennessee,TN,United States,us,© OpenStreetMap contributors,Open Database License,,,,,,,,,,,,
New Harvest Farmers Market,April-September,Yes,-83.882416,36.039639,1140,1140,,,68.71344,"4793 New Harvest Lane, Knoxville, TN 37918, United States of America",36.039055,-83.88266,,4793,New Harvest Lane,37918,,Harvest Park Center,Knoxville,Knox County,,Tennessee,TN,United States,us,© OpenStreetMap contributors,Open Database License,7,4,1,,,2,,,,,,
Newport Farmers Market,May-September,,-83.185707,35.968166,1141,1141,,,16.62628,"300 East Main Street, Newport, TN 37713, United States of America",35.968178,-83.18589,,300,East Main Street,37713,,,Newport,Cocke County,CE,Tennessee,TN,United States,us,© OpenAddresses contributors,BSD-3-Clause License,,,,,,,,,,,,
Nolensville Farmers Market,May-October,Yes,-86.672569,35.959766,1142,1142,,,16.297686,"Nolensville School, 7248 Nolensville Road, Nolensville, TN 37135, United States of America",35.959625,-86.672523,Nolensville School,7248,Nolensville Road,37135,,Wrencoe,Nolensville,Williamson County,WL,Tennessee,TN,United States,us,© OpenStreetMap contributors,Open Database License,,,,,,,,,,,,
North Bedford Farmers Market,June-September,,-86.574547,35.602703,1143,1143,,,51.736282,"3320 Highway 41a North, Unionville, TN 37180, United States of America",35.602348,-86.574181,,3320,Highway 41a North,37180,,,Unionville,Bedford County,BD,Tennessee,TN,United States,us,© OpenAddresses contributors,BSD-3-Clause License,,,,,,,,,,,,
Nourish Knoxville's Winter Farmers Market,December-March,Yes,-83.919617,35.964684,1144,1144,,,5.5825009,"1 Market Square, Knoxville, TN 37902, United States of America",35.964699,-83.919556,,1,Market Square,37902,,,Knoxville,Knox County,KN,Tennessee,TN,United States,us,© OpenAddresses contributors,BSD-3-Clause License,,,,,,,,,,,,
Oak Ridge Farmers Market,Year-round,,-84.240608,36.028893,1145,1145,,,3.0066369,"281 Broadway Avenue, Oak Ridge, TN 37830, United States of America",36.028873,-84.240578,,281,Broadway Avenue,37830,,,Oak Ridge,Roane County,RA,Tennessee,TN,United States,us,© OpenAddresses contributors,BSD-3-Clause License,,,,,,,,,,,,
Obion County Farmers Market,June-October,,-89.055611,36.424454,1146,1146,,,5.0346589,"214 East Church Street, Union City, TN 38261, United States of America",36.424419,-89.055573,,214,East Church Street,38261,,,Union City,Obion County,OB,Tennessee,TN,United States,us,© OpenAddresses contributors,BSD-3-Clause License,,,,,,,,,,,,
Olive Branch Farmers Market,July- September,,-89.82663,34.961601,,,,,,"Olive Branch City Hall, 9200 Pigeon Roost Road, Olive Branch, MS 38654, United States of America",34.961601,-89.82663,,9200,Pigeon Roost Road,38654,,,Olive Branch,DeSoto County,,Mississippi,MS,United States,us,© OpenStreetMap contributors,Open Database License,,,,,,,,,,,,
Ooltewah Farmers Market,November-March,,-85.05999,35.079453,1147,1147,,,26.202227,"5859 Main Street, Collegedale, TN 37363, United States of America",35.079372,-85.059723,,5859,Main Street,37363,,,Collegedale,Hamilton County,,Tennessee,TN,United States,us,© OpenStreetMap contributors,Open Database License,,,,,,,,,,,,
Overton Park Community Farmers Market,April-October,Yes,-89.982986,35.14703,1148,1148,,,3.2533863,"401 E Parkway North, Memphis, TN 38112, United States of America",35.147015,-89.982956,,401,E Parkway North,38112,,Binghampton,Memphis,Shelby County,SY,Tennessee,TN,United States,us,© OpenAddresses contributors,BSD-3-Clause License,,,,,,,,,,,,
Penny's Garden Spot,Year-round,,-84.932755,36.425259,2016,,2016,1,11.014253,"243 Main Street South, Jamestown, TN 38556, United States of America",36.425266,-84.932877,,243,Main Street South,38556,,,Jamestown,Fentress County,FE,Tennessee,TN,United States,us,© OpenAddresses contributors,BSD-3-Clause License,,,,,,,,,,,,
Phillips Farm and Garden,Year-round,,-83.528778,35.87746,2017,,2017,1,128.64816,"1353 Witt Hollow Road, Sevierville, TN 37862, United States of America",35.876934,-83.527512,,1353,Witt Hollow Road,37862,,,Sevierville,Sevier County,SV,Tennessee,TN,United States,us,© OpenAddresses contributors,BSD-3-Clause License,,,,,,,,,,,,
Pickett County Farmers Market,Year-round,,-85.155609,36.572277,1149,1149,,,45.968369,"1005 Livingston Highway, Star Point, TN 38549, United States of America",36.572685,-85.155701,,1005,Livingston Highway,38549,,,Star Point,Pickett County,,Tennessee,TN,United States,us,© OpenStreetMap contributors,Open Database License,,,,,,,,,,,,
Pikevile Farmers Market,April-September,,-85.18869,35.605984,1150,1150,,,6.6736627,"3150 Main Street, Pikeville, TN 37367, United States of America",35.606014,-85.188751,,3150,Main Street,37367,,,Pikeville,Bledsoe County,BE,Tennessee,TN,United States,us,© OpenAddresses contributors,BSD-3-Clause License,,,,,,,,,,,,
Pleasant View Village Farmers Market,June-September,,-87.014122,36.388187,1151,1151,,,.045369841,"176 Village Sq Ste 100, Clarksville, TN 37043, United States of America",36.388187,-87.014122,,176,Village Sq Ste 100,37043,,,Clarksville,Cheatham County,CA,Tennessee,TN,United States,us,© OpenAddresses contributors,BSD-3-Clause License,,,,,,,,,,,,
Portland Farmers Market,May-August,,-86.515236,36.580002,1152,1152,,,26.163931,"101 East Market Street, Portland, TN 37148, United States of America",36.579773,-86.515167,,101,East Market Street,37148,,Commercial Area,Portland,Sumner County,,Tennessee,TN,United States,us,© OpenStreetMap contributors,Open Database License,,,,,,,,,,,,
Ray's Produce, ,,-87.544518,35.311581,2018,,2018,1,7.7904081,"42 Chisholm Crossing, Lawrenceburg, TN 38464, United States of America",35.311649,-87.54454,,42,Chisholm Crossing,38464,,,Lawrenceburg,Lawrence County,LW,Tennessee,TN,United States,us,© OpenAddresses contributors,BSD-3-Clause License,,,,,,,,,,,,
Red Barn Produce,Year-round,,-83.425781,36.308743,2019,,2019,1,1.8349881,"2999 Highway 11w South, Rutledge, TN 37861, United States of America",36.308754,-83.425766,,2999,Highway 11w South,37861,,,Rutledge,Grainger County,GA,Tennessee,TN,United States,us,© OpenAddresses contributors,BSD-3-Clause License,,,,,,,,,,,,
Richland Farmers Market,Year-round,,-86.84523,36.151421,1153,1153,,,29.801353,"4601 Charlotte Avenue, Nashville, TN 37209, United States of America",36.151566,-86.845512,,4601,Charlotte Avenue,37209,,Richland,Nashville,Davidson County,DA,Tennessee,TN,United States,us,© OpenAddresses contributors,BSD-3-Clause License,68,26,27,9,,1,,1,4,,,
Ripley Downtown Farmers Market,May-October,,-89.531525,35.746033,1154,1154,,,7.2399092,"129 Monroe Street, Ripley, TN 38063, United States of America",35.746006,-89.531593,,129,Monroe Street,38063,,,Ripley,Lauderdale County,LU,Tennessee,TN,United States,us,© OpenAddresses contributors,BSD-3-Clause License,,,,,,,,,,,,
Roan Mountain Farmers Market,July-September ,,-82.075127,36.200203,1155,1155,,,3.0155864,"118 Carter Street, Roan Mountain, TN 37687, United States of America",36.200176,-82.075111,,118,Carter Street,37687,,,Roan Mountain,Carter County,CT,Tennessee,TN,United States,us,© OpenAddresses contributors,BSD-3-Clause License,,,,,,,,,,,,
Robertson County Farmers Market,April-July,,-86.882645,36.520065,1156,1156,,,5.1684518,"4639 Highway 41 North, Springfield, TN 37172, United States of America",36.520035,-86.882599,,4639,Highway 41 North,37172,,,Springfield,Robertson County,RB,Tennessee,TN,United States,us,© OpenAddresses contributors,BSD-3-Clause License,,,,,,,,,,,,
Rogersville Farmers Market,May-August,,-83.007309,36.40543,1157,1157,,,17.916273,"119 Washington Street, Rogersville, TN 37857, United States of America",36.40559,-83.007347,,119,Washington Street,37857,,,Rogersville,Hawkins County,HW,Tennessee,TN,United States,us,© OpenAddresses contributors,BSD-3-Clause License,,,,,,,,,,,,
Rogersville Produce,Year-round,,-83.014565,36.403446,1158,1158,,,12.494061,"711 West Main Street, Rogersville, TN 37857, United States of America",36.40337,-83.014664,,711,West Main Street,37857,,,Rogersville,Hawkins County,HW,Tennessee,TN,United States,us,© OpenAddresses contributors,BSD-3-Clause License,,,,,,,,,,,,
Royal Family Community Farmers Market,August-October,Yes,-86.80294,36.23671,1159,1159,,,3.6043615,"3401 Knight Drive, Nashville, TN 37207, United States of America",36.236679,-86.802925,,3401,Knight Drive,37207,,Little Creek,Nashville,Davidson County,DA,Tennessee,TN,United States,us,© OpenAddresses contributors,BSD-3-Clause License,,,,,,,,,,,,
Rutherford County Farmers Market,May-October,Yes,-86.448372,35.854195,1160,1160,,,13.153495,"475 John R Rice Boulevard, Murfreesboro, TN 37129, United States of America",35.85408,-86.448341,,475,John R Rice Boulevard,37129,,,Murfreesboro,Rutherford County,RU,Tennessee,TN,United States,us,© OpenAddresses contributors,BSD-3-Clause License,25,17,5,,,,,,2,,1,
Sango Night Market,May-November,,-87.21151,36.507538,1161,1161,,,17.044096,"SANGO RD 3575 Sango Road, Clarksville, TN 37043, United States of America",36.507385,-87.211517,,SANGO RD 3575,Sango Road,37043,,,Clarksville,Montgomery County,MT,Tennessee,TN,United States,us,© OpenAddresses contributors,BSD-3-Clause License,,,,,,,,,,,,
Savannah Farmers Market,April-November,,-88.250656,35.225273,1162,1162,,,8.434063,"470 Main Street, Savannah, TN 38372, United States of America",35.225349,-88.250671,,470,Main Street,38372,,,Savannah,Hardin County,HI,Tennessee,TN,United States,us,© OpenAddresses contributors,BSD-3-Clause License,29,5,8,,,4,,,12,,,
Scott County Farmers Market,May-August,,-84.533661,36.406116,1163,1163,,,3.7847955,"600 Scott High Drive, Huntsville, TN 37756, United States of America",36.40609,-84.533638,,600,Scott High Drive,37756,,,Huntsville,Scott County,SC,Tennessee,TN,United States,us,© OpenAddresses contributors,BSD-3-Clause License,,,,,,,,,,,,
Scott Street Tomato Farm,Year-round,,-89.970703,35.150948,2020,,2020,1,2.7716579,"2651 Faxon Avenue, Memphis, TN 38112, United States of America",35.15097,-89.970688,,2651,Faxon Avenue,38112,,Binghampton,Memphis,Shelby County,SY,Tennessee,TN,United States,us,© OpenAddresses contributors,BSD-3-Clause License,,,,,,,,,,,,
Selmer Farmers Market,June-August,,-88.591217,35.170139,1164,1164,,,8.411746,"120 North Front Street, Selmer, TN 38375, United States of America",35.170101,-88.591141,,120,North Front Street,38375,,,Selmer,McNairy County,MA,Tennessee,TN,United States,us,© OpenAddresses contributors,BSD-3-Clause License,,,,,,,,,,,,
Sevierville Farmers Market,May-December,,-83.564644,35.866928,1165,1165,,,3.4418805,"133 Bruce Street, Sevierville, TN 37862, United States of America",35.866947,-83.564674,,133,Bruce Street,37862,,,Sevierville,Sevier County,SV,Tennessee,TN,United States,us,© OpenAddresses contributors,BSD-3-Clause License,,,,,,,,,,,,
Seymour Farmers Market,June-October,Yes,-83.750862,35.865612,1166,1166,,,1.8069113,"11621 Chapman Highway, Seymour, TN 37865, United States of America",35.865597,-83.750854,,11621,Chapman Highway,37865,,,Seymour,Sevier County,SV,Tennessee,TN,United States,us,© OpenAddresses contributors,BSD-3-Clause License,,,,,,,,,,,,
Shannon's Gardens,April-October,,-83.171074,35.926346,2021,,2021,1,5.8170214,"805 Caney Hollow Road, Cocke County, TN 37821, United States of America",35.926395,-83.171051,,805,Caney Hollow Road,37821,,,,Cocke County,,Tennessee,TN,United States,us,© OpenStreetMap contributors,Open Database License,,,,,,,,,,,,
Short Mountain Cultures,Year-round,,-86.092606,35.822479,1167,1167,,,27.447536,"1424 John Bragg Highway, Woodbury, TN 37190, United States of America",35.822701,-86.092461,,1424,John Bragg Highway,37190,,,Woodbury,Cannon County,CN,Tennessee,TN,United States,us,© OpenAddresses contributors,BSD-3-Clause License,,,,,,,,,,,,
Smiley’s Produce Market,,,-86.775375,36.401051,2022,,2022,1,39.245335,"1931 US 41, Ridgetop, TN 37073, United States of America",36.400726,-86.775551,,1931,US 41,37073,,,Ridgetop,Robertson County,,Tennessee,TN,United States,us,© OpenStreetMap contributors,Open Database License,,,,,,,,,,,,
Smith County Farmers Market,June-October,,-85.947884,36.222382,1168,1168,,,17.991409,"165 Gordonsville Highway, Carthage, TN 37030, United States of America",36.222221,-85.947845,,165,Gordonsville Highway,37030,,,Carthage,Smith County,SH,Tennessee,TN,United States,us,© OpenAddresses contributors,BSD-3-Clause License,,,,,,,,,,,,
Smithville Farmers Market,April-November,,-85.811462,35.953472,1169,1169,,,39.98806,"700 South Congress Boulevard, Smithville, TN 37166, United States of America",35.953548,-85.811897,,700,South Congress Boulevard,37166,,,Smithville,DeKalb County,DE,Tennessee,TN,United States,us,© OpenAddresses contributors,BSD-3-Clause License,,,,,,,,,,,,
Smoky Mountain Farmers Market,Year-round,,-83.572128,35.870129,1170,1170,,,31.209141,"337 West Main Street, Sevierville, TN 37862, United States of America",35.870399,-83.572052,,337,West Main Street,37862,,,Sevierville,Sevier County,,Tennessee,TN,United States,us,© OpenStreetMap contributors,Open Database License,,,,,,,,,,,,
Smyrna Depot Farmers Market,May-September,,-86.519539,35.982277,1171,1171,,,4.6013336,"98 Front Street, Smyrna, TN 37167, United States of America",35.982258,-86.519577,,98,Front Street,37167,,,Smyrna,Rutherford County,RU,Tennessee,TN,United States,us,© OpenAddresses contributors,BSD-3-Clause License,36,7,7,,1,6,1,,14,,,
South Cumberland Farmers Market,June-October,Yes,-85.917221,35.193993,1172,1172,,,0,"Sewanee Community Center, 39 Ball Park Road, Sewanee, TN 37375, United States of America",35.194008,-85.917221,Sewanee Community Center,39,Ball Park Road,37375,,,Sewanee,Franklin County,,Tennessee,TN,United States,us,© OpenStreetMap contributors,Open Database License,66,34,10,4,,2,,4,5,,,7
South Memphis Farmers Market,June-September,Yes,-90.033752,35.108772,1173,1173,,,2.2968597,"1400 Mississippi Boulevard, Memphis, TN 38106, United States of America",35.108772,-90.033783,,1400,Mississippi Boulevard,38106,,Bunker Hill,Memphis,Shelby County,SY,Tennessee,TN,United States,us,© OpenAddresses contributors,BSD-3-Clause License,,,,,,,,,,,,
Sparta Farmers Market,May-October,,-85.46537,35.924934,1174,1174,,,1.7464581,"100 East Wall Street, Sparta, TN 38583, United States of America",35.924931,-85.465347,,100,East Wall Street,38583,,,Sparta,White County,WH,Tennessee,TN,United States,us,© OpenAddresses contributors,BSD-3-Clause License,,,,,,,,,,,,
Sparta Green Market,May-October,,-85.464798,35.925034,1175,1175,,,7.1955819,"5 West Maple Street, Sparta, TN 38583, United States of America",35.925095,-85.464767,,5,West Maple Street,38583,,,Sparta,White County,WH,Tennessee,TN,United States,us,© OpenAddresses contributors,BSD-3-Clause License,,,,,,,,,,,,
Springfield Farmers Market,May-August,,-86.882645,36.520065,1176,1176,,,5.1684518,"4639 Highway 41 North, Springfield, TN 37172, United States of America",36.520035,-86.882599,,4639,Highway 41 North,37172,,,Springfield,Robertson County,RB,Tennessee,TN,United States,us,© OpenAddresses contributors,BSD-3-Clause License,,,,,,,,,,,,
St. George's Farmers Market,May-August,,-86.853172,36.11972,1177,1177,,,20.558264,"4715 Harding Pike, Nashville, TN 37205, United States of America",36.119553,-86.853081,,4715,Harding Pike,37205,,West Meade,Nashville,Davidson County,DA,Tennessee,TN,United States,us,© OpenAddresses contributors,BSD-3-Clause License,,,,,,,,,,,,
State Street Farmers Market,May-October,Yes,-82.187019,36.594517,1178,1178,,,4.8883462,"810 State Street, Bristol, TN 37620, United States of America",36.594543,-82.186974,,810,State Street,37620,,,Bristol,Sullivan County,SL,Tennessee,TN,United States,us,© OpenAddresses contributors,BSD-3-Clause License,,,,,,,,,,,,
Stones River Market,Year-round,,-86.390022,35.843895,1179,1179,,,10.724396,"231 S Spring Street, Murfreesboro, TN 37130, United States of America",35.843937,-86.390129,,231,S Spring Street,37130,,,Murfreesboro,Rutherford County,RU,Tennessee,TN,United States,us,© OpenAddresses contributors,BSD-3-Clause License,,,,,,,,,,,,
Sunfresh Produce,Year-round,,-83.536728,36.274647,2023,,2023,1,.35504454,"7405 Rutledge Pike, Rutledge, TN 37861, United States of America",36.274647,-83.536736,,7405,Rutledge Pike,37861,,,Rutledge,Grainger County,GA,Tennessee,TN,United States,us,© OpenAddresses contributors,BSD-3-Clause License,,,,,,,,,,,,
Tazewell Farmers Market, ,,-83.57003,36.452518,1180,1180,,,0,"Tazewell Methodist Church, 1702 Main Street, Tazewell, TN 37879, United States of America",36.452564,-83.570152,Tazewell Methodist Church,1702,Main Street,37879,,,Tazewell,Claiborne County,,Tennessee,TN,United States,us,© OpenStreetMap contributors,Open Database License,,,,,,,,,,,,
Tellico Community Farmers Market,April-November,,-84.273209,35.425053,1181,1181,,,47.80537,"753 Farm Market Drive, Tellico Plains, TN 37385, United States of America",35.425152,-84.272697,,753,Farm Market Drive,37385,,,Tellico Plains,Monroe County,MR,Tennessee,TN,United States,us,© OpenAddresses contributors,BSD-3-Clause License,,,,,,,,,,,,
The Corinth Farmers Market,May-November,,-88.514336,34.945377,,,,,,"904 Shiloh Road, Corinth, MS 38834, United States of America",34.945377,-88.514336,,904,Shiloh Road,38834,,,Corinth,Alcorn County,,Mississippi,MS,United States,us,© OpenStreetMap contributors,Open Database License,,,,,,,,,,,,
The Farm,April-October,,-87.320839,35.471462,2024,,2024,1,.16703828,"100 Farm Road, Summertown, TN 38483, United States of America",35.471458,-87.320839,,100,Farm Road,38483,,,Summertown,Lewis County,LE,Tennessee,TN,United States,us,© OpenAddresses contributors,BSD-3-Clause License,36,5,5,,,3,1,,22,,,
The Preserve Farmers Market,Year-round,,-84.416512,35.905956,1182,1182,,,13.308694,"201 Broadberry Avenue, Oak Ridge, TN 37830, United States of America",35.906044,-84.416611,,201,Broadberry Avenue,37830,,,Oak Ridge,Roane County,RA,Tennessee,TN,United States,us,© OpenAddresses contributors,BSD-3-Clause License,,,,,,,,,,,,
The Walnut Street Market,January-December,Yes,-85.506271,36.160793,1183,1183,,,4.3371968,"136 South Walnut Avenue, Cookeville, TN 38501, United States of America",36.160778,-85.506226,,136,South Walnut Avenue,38501,,,Cookeville,Putnam County,PU,Tennessee,TN,United States,us,© OpenAddresses contributors,BSD-3-Clause License,,,,,,,,,,,,
Thompson's Station Farmers Market,May-October,Yes,-86.905754,35.800308,1184,1184,,,24.904186,"4683 Columbia Pk, Thompsons Station, TN 37179, United States of America",35.800381,-86.905487,,4683,Columbia Pk,37179,,,Thompsons Station,Williamson County,WL,Tennessee,TN,United States,us,© OpenAddresses contributors,BSD-3-Clause License,,,,,,,,,,,,
Three Rivers Farmers Market,Year-round,,-83.927986,35.981384,1185,1185,,,2.4787107,"Three Rivers Market, 1100 North Central Street, Knoxville, TN 37917, United States of America",35.981373,-83.928009,Three Rivers Market,1100,North Central Street,37917,,Mechanicsville,Knoxville,Knox County,KN,Tennessee,TN,United States,us,© OpenStreetMap contributors,Open Database License,,,,,,,,,,,,
Three Seasons Market,April-October,,-85.745338,35.259499,1186,1186,,,34.163288,"14399 Us 41, Tracy City, TN 37387, United States of America",35.259731,-85.745087,,14399,Us 41,37387,,,Tracy City,Grundy County,GU,Tennessee,TN,United States,us,© OpenAddresses contributors,BSD-3-Clause License,,,,,,,,,,,,
Town Of Livingston Farmers Market,May-November,,-85.323837,36.385422,1187,1187,,,2.2652464,"141 West First Street, Livingston, TN 38570, United States of America",36.385414,-85.323814,,141,West First Street,38570,,,Livingston,Overton County,OV,Tennessee,TN,United States,us,© OpenAddresses contributors,BSD-3-Clause License,35,3,10,1,,3,,2,14,,,2
Tri-State Farmers Market,April-November,,-83.655396,36.579624,1188,1188,,,15.147087,"6920 Cumberland Gap Parkway, Harrogate, TN 37752, United States of America",36.579494,-83.655357,,6920,Cumberland Gap Parkway,37752,,,Harrogate,Claiborne County,CI,Tennessee,TN,United States,us,© OpenAddresses contributors,BSD-3-Clause License,,,,,,,,,,,,
Triple A Farm,March-December,,-86.52533,35.765396,2025,,2025,1,8.333519,"8177 Highway 99, Rockvale, TN 37153, United States of America",35.765442,-86.525398,,8177,Highway 99,37153,,,Rockvale,Rutherford County,,Tennessee,TN,United States,us,© OpenStreetMap contributors,Open Database License,,,,,,,,,,,,
Tullahoma Farmers Market,April-September,,-86.208527,35.356808,1189,1189,,,6.5350471,"402 South Jackson Street, Tullahoma, TN 37388, United States of America",35.356846,-86.208466,,402,South Jackson Street,37388,,,Tullahoma,Coffee County,CF,Tennessee,TN,United States,us,© OpenAddresses contributors,BSD-3-Clause License,,,,,,,,,,,,
Union County Farmers Market,May-October,Yes,-83.822578,36.236973,1190,1190,,,5.5840702,"114 Durham Drive, Maynardville, TN 37807, United States of America",36.236965,-83.822639,,114,Durham Drive,37807,,Union County Business Park,Maynardville,Union County,,Tennessee,TN,United States,us,© OpenStreetMap contributors,Open Database License,25,14,6,,,,,,5,,,
Van Buren County Farmers Market,May-October,,-85.46257,35.745132,1191,1191,,,3.2400424,"Van Buren County Farmers Market, 500 College Street, Spencer, TN 38585, United States of America",35.745274,-85.462547,Van Buren County Farmers Market,500,College Street,38585,,,Spencer,Van Buren County,VA,Tennessee,TN,United States,us,© OpenStreetMap contributors,Open Database License,,,,,,,,,,,,
Vanderbilt Farmers Market,June-October,Yes,-86.80172,36.142879,1192,1192,,,0,"Vanderbilt University Medical Center, 1211 Medical Center Drive, Nashville, TN 37232, United States of America",36.140923,-86.801636,Vanderbilt University Medical Center,1211,Medical Center Drive,37232,,,Nashville,Davidson County,,Tennessee,TN,United States,us,© OpenStreetMap contributors,Open Database License,18,4,5,6,,3,,,,,,
Walnut Street Market,Year-round,,-85.506279,36.160809,2026,,2026,1,5.9978814,"136 South Walnut Avenue, Cookeville, TN 38501, United States of America",36.160778,-85.506226,,136,South Walnut Avenue,38501,,,Cookeville,Putnam County,PU,Tennessee,TN,United States,us,© OpenAddresses contributors,BSD-3-Clause License,,,,,,,,,,,,
Warren County Farmers Market,April-November,,-85.770592,35.680019,1193,1193,,,3.306433,"136 Market Street, Mcminnville, TN 37110, United States of America",35.680046,-85.770569,,136,Market Street,37110,,,Mcminnville,Warren County,WR,Tennessee,TN,United States,us,© OpenAddresses contributors,BSD-3-Clause License,,,,,,,,,,,,
Watertown Farmers Market,,,-86.135727,36.098381,1194,1194,,,7.3812318,"101 South Central Avenue, Watertown, TN 37184, United States of America",36.098354,-86.135651,,101,South Central Avenue,37184,,,Watertown,Wilson County,WO,Tennessee,TN,United States,us,© OpenAddresses contributors,BSD-3-Clause License,,,,,,,,,,,,
Waynesboro Farmers Market,May-September,,-87.76506,35.320442,1195,1195,,,9.0885897,"117 Hill Street, Waynesboro, TN 38485, United States of America",35.320366,-87.765091,,117,Hill Street,38485,,,Waynesboro,Wayne County,,Tennessee,TN,United States,us,© OpenStreetMap contributors,Open Database License,,,,,,,,,,,,
Wedgewood Houston Farmers Market,April-October,,-86.767738,36.144726,1196,1196,,,19.160036,"410 Chestnut Street, Nashville, TN 37203, United States of America",36.144859,-86.767609,,410,Chestnut Street,37203,,Edgehill,Nashville,Davidson County,DA,Tennessee,TN,United States,us,© OpenAddresses contributors,BSD-3-Clause License,,,,,,,,,,,,
West Tennessee Farmers Market,Year-round,Yes,-88.82061,35.615818,1197,1197,,,19.972929,"220 West College Street, Jackson, TN 38301, United States of America",35.615765,-88.820824,,220,West College Street,38301,,,Jackson,Madison County,MD,Tennessee,TN,United States,us,© OpenAddresses contributors,BSD-3-Clause License,,,,,,,,,,,,
Westhaven Farmers Market,May-October,,-86.922737,35.929623,1198,1198,,,1.1165792,"164 Westhaven Boulevard, Franklin, TN 37064, United States of America",35.92963,-86.922745,,164,Westhaven Boulevard,37064,Westhaven,,Franklin,Williamson County,,Tennessee,TN,United States,us,© OpenStreetMap contributors,Open Database License,,,,,,,,,,,,
Westmoreland Farmers Harvest,Year-round,,-85.704414,35.012302,2027,,2027,1,21.368664,"237 South Cedar Avenue, South Pittsburg, TN 37380, United States of America",35.012341,-85.704643,,237,South Cedar Avenue,37380,,,South Pittsburg,Marion County,MI,Tennessee,TN,United States,us,© OpenAddresses contributors,BSD-3-Clause License,,,,,,,,,,,,
Wharf Street Farmers Market,June- October ,,-84.338028,35.741676,1199,1199,,,0,"Loudon County Chamber of Commerce, 410 Wharf Street, Loudon, TN 37774, United States of America",35.741695,-84.338036,Loudon County Chamber of Commerce,410,Wharf Street,37774,,,Loudon,Loudon County,,Tennessee,TN,United States,us,© OpenStreetMap contributors,Open Database License,,,,,,,,,,,,
White House Farmers Market,May-August,,-86.662682,36.469372,1200,1200,,,100.8952,"416 Highway 76, White House, TN 37188, United States of America",36.468834,-86.661774,,416,Highway 76,37188,,,White House,Robertson County,RB,Tennessee,TN,United States,us,© OpenAddresses contributors,BSD-3-Clause License,33,11,8,,,4,,,4,,5,
White Pine Farmers Market,April-October,,-83.284676,36.109772,1201,1201,,,6.0548162,"1806 Main Street, White Pine, TN 37890, United States of America",36.109783,-83.284744,,1806,Main Street,37890,,,White Pine,Jefferson County,JE,Tennessee,TN,United States,us,© OpenAddresses contributors,BSD-3-Clause License,,,,,,,,,,,,
Whitehaven Farmers Market,July-September,,-90.021446,35.033112,1202,1202,,,0,"Methodist South Hospital, 1300 Wesley Drive, Memphis, TN 38116, United States of America",35.032078,-90.02066,Methodist South Hospital,1300,Wesley Drive,38116,,Whitehaven,Memphis,Shelby County,,Tennessee,TN,United States,us,© OpenStreetMap contributors,Open Database License,,,,,,,,,,,,
Whites Creek Organic Farmers Market,Year-round,,-86.810417,36.286213,1203,1203,,,4.8591304,"4777 Lickton Pike, Nashville, TN 37189, United States of America",36.286228,-86.810371,,4777,Lickton Pike,37189,,Lickton,Nashville,Davidson County,DA,Tennessee,TN,United States,us,© OpenAddresses contributors,BSD-3-Clause License,,,,,,,,,,,,
Wilbank's Produce,Year-round,,-88.53759,34.931019,2028,,2028,1,303.23352,"Corinth City Cemetery, Corinth, MS 38834, United States of America",34.933369,-88.535904,Corinth City Cemetery,,Corinth City Cemetery,38834,,,Corinth,Alcorn County,AL,Mississippi,MS,United States,us,© OpenStreetMap contributors,Open Database License,,,,,,,,,,,,
Winchester Farmers Market,Year-round,,-89.842743,35.051273,1204,1204,,,33.081173,"6616 Winchester Road, Memphis, TN 38115, United States of America",35.050991,-89.842865,,6616,Winchester Road,38115,,Balmoral,Memphis,Shelby County,SY,Tennessee,TN,United States,us,© OpenAddresses contributors,BSD-3-Clause License,23,7,8,2,,2,,,3,1,,
Winter Farmers Market,December-March,,-84.231628,36.022659,1205,1205,,,0,"Coffey/McNally Building, 701 Briarcliff Avenue, Oak Ridge, TN 37830, United States of America",36.02261,-84.231667,Coffey/McNally Building,701,Briarcliff Avenue,37830,,,Oak Ridge,Anderson County,,Tennessee,TN,United States,us,© OpenStreetMap contributors,Open Database License,,,,,,,,,,,,
